"","regulatoryGene","targetGene","weight","goldstand"
"1","z","y",0.545043010238862,1
"2","z","x",0.538421643839703,0
"3","x","z",0.500709836456629,1
"4","y","z",0.499290163543371,0
"5","y","x",0.461578356160297,0
"6","x","y",0.454956989761138,0
