"","regulator","target","weight","pvalue","tpvalue","goldstand"
"1","x","y",0.175,0.578600141650844,0.172177864525282,0
"2","x","z",0.5,6.5768913245274e-05,0.000770791775148147,1
"3","y","x",0.45,0.000503943620970252,0.000886032428993225,0
"4","y","z",0.375,0.0067607323035692,0.00133185514065855,0
"5","z","x",0.975,1.4882722924829e-21,7.22790779878252e-28,0
"6","z","y",1,1.86034036560363e-23,3.42962310589217e-35,1
