"","regulatoryGene","targetGene","weight","goldstand"
"1","z","y",0.720088861743633,0
"2","y","z",0.578656286449008,1
"3","z","x",0.532969886337378,0
"4","y","x",0.467030113662622,0
"5","x","z",0.421343713550992,1
"6","x","y",0.279911138256367,0
