"","regulator","target","weight","pvalue","tpvalue","goldstand"
"1","x","y",0.2,0.404587405685253,0.0826543484550821,0
"2","x","z",0.175,0.578600141650844,0.694070924132998,1
"3","y","x",0.15,0.765931452348224,0.837254577456831,0
"4","y","z",1,1.86034036560363e-23,5.08561353465563e-36,1
"5","z","x",0.1,0.990019328883309,0.879648607694595,0
"6","z","y",0.975,1.4882722924829e-21,2.57459500036093e-26,0
