"","regulatoryGene","targetGene","weight","goldstand"
"1","z","y",0.533846845536389,1
"2","y","z",0.514818513649805,0
"3","y","x",0.509822542325996,0
"4","z","x",0.490177457674004,1
"5","x","z",0.485181486350195,0
"6","x","y",0.466153154463611,1
