"","regulator","target","weight","pvalue","tpvalue","goldstand"
"1","x","y",0.525,2.15635781132046e-05,3.54108390600258e-06,1
"2","x","z",0.9,2.94227711543138e-17,1.01939739750847e-21,0
"3","y","x",0.425,0.00127081434852816,0.000136038248489051,0
"4","y","z",0.7,1.1207926208881e-09,1.67468065766876e-12,0
"5","z","x",0.975,7.62739549897486e-22,1.09649995606139e-16,1
"6","z","y",1,1.86034036560363e-23,2.22526707823205e-30,1
