"","regulator","target","weight","pvalue","tpvalue","goldstand"
"1","x","y",0.15,0.765931452348224,0.937461966790937,0
"2","x","z",0.375,0.0067607323035692,0.00240423417337484,1
"3","y","x",0.35,0.0143015480477065,0.00928748970771017,1
"4","y","z",0.35,0.0143015480477065,0.0110746451191015,0
"5","z","x",0.325,0.0286030702802334,0.00306766218082511,0
"6","z","y",0.35,0.0143015480477065,0.00503432567612043,1
