"","regulatoryGene","targetGene","weight","goldstand"
"1","z","y",0.285039867488153,1
"2","z","x",0.265931113662052,0
"3","y","z",0.256315177683916,0
"4","y","x",0.163437520746597,1
"5","x","y",0.0292763204192825,0
"6","x","z",0,1
