"","regulatoryGene","targetGene","weight","goldstand"
"1","y","z",0.541401154414794,0
"2","x","y",0.524626004589661,0
"3","y","x",0.514892559450518,1
"4","z","x",0.485107440549482,0
"5","z","y",0.475373995410339,1
"6","x","z",0.458598845585206,1
