"","regulator","target","weight","pvalue","tpvalue","goldstand"
"1","x","y",0.175,0.578600141650844,0.53935933637333,0
"2","x","z",0.2,0.404587405685253,0.518420163543336,1
"3","y","x",0.3,0.0541410774803627,0.219487403450542,1
"4","y","z",0.2,0.404587405685253,0.185814123615355,0
"5","z","x",0.15,0.765931452348224,0.484941728273606,0
"6","z","y",0.25,0.164972699502242,0.12312951240776,1
