"","regulatoryGene","targetGene","weight","goldstand"
"1","z","y",0.674745916557669,1
"2","y","z",0.546185680422018,0
"3","y","x",0.50215522214078,0
"4","z","x",0.49784477785922,1
"5","x","z",0.453814319577982,0
"6","x","y",0.325254083442331,1
