"","regulator","target","weight","pvalue","tpvalue","goldstand"
"1","x","y",0.575,1.88805522650178e-06,4.89931192207286e-06,1
"2","x","z",0.275,0.0970748437978586,0.016532277692929,0
"3","y","x",0.25,0.164972699502242,0.0493069229417866,0
"4","y","z",0.95,5.87867555530746e-20,8.43824820221766e-29,0
"5","z","x",1,1.86034036560363e-23,1.87027840883508e-22,1
"6","z","y",1,1.86034036560363e-23,2.15401946629917e-37,1
