"","regulatoryGene","targetGene","weight","goldstand"
"1","z","x",0.514983787709901,0
"2","x","z",0.507425563821263,1
"3","z","y",0.505446279866043,1
"4","x","y",0.494553720133957,0
"5","y","z",0.492574436178737,0
"6","y","x",0.485016212290099,0
