"","regulator","target","weight","pvalue","tpvalue","goldstand"
"1","x","y",0.275,0.0970748437978586,0.398423205414256,0
"2","x","z",0.35,0.0143015480477065,0.00444644522662127,1
"3","y","x",0.2,0.404587405685253,0.691838243597085,0
"4","y","z",0.5,6.5768913245274e-05,1.31840630735826e-07,0
"5","z","x",0.825,5.90977374899504e-14,5.98923182329732e-18,0
"6","z","y",0.875,4.4722612154557e-16,6.9142678902334e-21,1
