"","regulatoryGene","targetGene","weight","goldstand"
"1","y","z",0.520324363415899,0
"2","z","y",0.517139683666104,1
"3","y","x",0.505708120922305,0
"4","z","x",0.494291879077695,1
"5","x","y",0.482860316333896,1
"6","x","z",0.479675636584101,0
