"","regulator","target","weight","pvalue","tpvalue","goldstand"
"1","x","y",0.9,2.94227711543138e-17,4.51670704989235e-18,1
"2","x","z",0.375,0.0067607323035692,0.00129269738433787,0
"3","y","x",0.2,0.404587405685253,0.138427277019305,0
"4","y","z",0.125,0.918805221412117,0.925055267937998,0
"5","z","x",0.625,1.23449764809732e-07,7.75221015966914e-09,1
"6","z","y",0.925,1.52845564437994e-18,7.9585852321364e-26,1
