"","regulatoryGene","targetGene","weight","goldstand"
"1","z","y",0.33224727506593,1
"2","z","x",0.331161205155448,1
"3","y","z",0.198400391030513,0
"4","x","z",0.0910132886064836,0
"5","y","x",0.0471778401416263,0
"6","x","y",0,0
