"","regulatoryGene","targetGene","weight","goldstand"
"1","z","y",0.603586658059459,1
"2","y","z",0.52602222211571,0
"3","z","x",0.508973787419941,1
"4","y","x",0.491026212580058,0
"5","x","z",0.47397777788429,0
"6","x","y",0.396413341940541,0
