"","regulator","target","weight","pvalue","tpvalue","goldstand"
"1","x","y",0.15,0.765931452348224,0.241194385426193,0
"2","x","z",0.95,5.87867555530746e-20,1.534227345414e-28,0
"3","y","x",0.25,0.164972699502242,0.285051587071067,0
"4","y","z",0.975,1.4882722924829e-21,9.37904562739725e-29,0
"5","z","x",1,1.86034036560363e-23,4.3511292151048e-34,1
"6","z","y",1,1.86034036560363e-23,5.3146442566962e-37,1
