"","regulatoryGene","targetGene","weight","goldstand"
"1","x","y",0.50958774205213,0
"2","x","z",0.503262148227455,1
"3","y","x",0.503258901430285,0
"4","z","x",0.496741098569715,0
"5","y","z",0.496737851772545,0
"6","z","y",0.49041225794787,1
