"","regulatoryGene","targetGene","weight","goldstand"
"1","y","z",0.280658027523152,0
"2","x","y",0.260963421020502,0
"3","y","x",0.225444816793575,0
"4","z","x",0.131845304766708,0
"5","z","y",0.101088429896063,1
"6","x","z",0,1
