"","regulator","target","weight","pvalue","tpvalue","goldstand"
"1","x","y",0.175,0.578600141650844,0.414416170034407,0
"2","x","z",0.275,0.0970748437978586,0.128675870051103,1
"3","y","x",0.275,0.0970748437978586,0.0164304119397658,0
"4","y","z",0.125,0.918805221412117,0.867992860723528,0
"5","z","x",0.175,0.578600141650844,0.177659965111827,0
"6","z","y",0.475,0.000187911180700783,5.88100044645385e-07,1
