"","regulatoryGene","targetGene","weight","goldstand"
"1","z","y",0.572244826112697,1
"2","y","z",0.516199610793378,0
"3","y","x",0.50161128275948,0
"4","z","x",0.498388717240521,1
"5","x","z",0.483800389206622,0
"6","x","y",0.427755173887303,0
