"","regulator","target","weight","pvalue","tpvalue","goldstand"
"1","x","y",0.125,0.918805221412117,0.372284683003451,0
"2","x","z",0.725,1.94920455806626e-10,9.23959990699927e-12,0
"3","y","x",0.125,0.918805221412117,0.912161410429541,0
"4","y","z",0.925,1.52845564437994e-18,4.07390630848275e-27,0
"5","z","x",1,1.86034036560363e-23,1.3164574585887e-37,1
"6","z","y",1,1.86034036560363e-23,9.02623649659971e-37,1
