"","regulatoryGene","targetGene","weight","goldstand"
"1","z","y",0.656385658113313,0
"2","z","x",0.541647591912006,0
"3","y","z",0.519093732382763,1
"4","x","z",0.480906267617237,1
"5","y","x",0.458352408087994,0
"6","x","y",0.343614341886687,0
