"","regulator","target","weight","pvalue","tpvalue","goldstand"
"1","x","y",0.1,0.990019328883309,0.515314306450521,0
"2","x","z",0.2,0.404587405685253,0.271002188818781,1
"3","y","x",0.775,4.31413483676637e-12,1.44506838265633e-12,0
"4","y","z",1,1.86034036560363e-23,5.8801510992241e-46,1
"5","z","x",0.125,0.918805221412117,0.786409836040339,0
"6","z","y",0.975,1.4882722924829e-21,1.9954170892782e-29,0
