"","regulatoryGene","targetGene","weight","goldstand"
"1","y","z",0.568567354517955,0
"2","z","x",0.52359284721595,0
"3","z","y",0.521308587913618,1
"4","x","y",0.478691412086382,0
"5","y","x",0.47640715278405,1
"6","x","z",0.431432645482045,1
