"","regulatoryGene","targetGene","weight","goldstand"
"1","y","z",0.269434348705036,0
"2","y","x",0.199774856081933,1
"3","z","x",0.196459358789365,0
"4","z","y",0.195461229804064,1
"5","x","y",0.138870206619602,0
"6","x","z",0,1
