"","regulator","target","weight","pvalue","tpvalue","goldstand"
"1","x","y",0.125,0.918805221412117,0.65268678376825,0
"2","x","z",0.15,0.765931452348224,0.71082641972727,1
"3","y","x",0.275,0.0970748437978586,0.141031691830417,1
"4","y","z",0.15,0.765931452348224,0.524393107469902,0
"5","z","x",0.1,0.990019328883309,0.640948169616915,0
"6","z","y",0.275,0.0970748437978586,0.0275398193493715,1
