"","regulatoryGene","targetGene","weight","goldstand"
"1","z","x",0.292988945593318,0
"2","z","y",0.251712525213964,0
"3","x","z",0.205848143751919,1
"4","x","y",0.162776900355116,0
"5","y","z",0.0866734850856836,1
"6","y","x",0,0
