"","regulatoryGene","targetGene","weight","goldstand"
"1","z","x",0.621731460840892,0
"2","z","y",0.575708132456189,0
"3","x","z",0.567613857169738,1
"4","y","z",0.432386142830262,1
"5","x","y",0.424291867543811,0
"6","y","x",0.378268539159108,0
