"","regulator","target","weight","pvalue","tpvalue","goldstand"
"1","x","y",0.175,0.578600141650844,0.228447868659379,0
"2","x","z",0.325,0.0286030702802334,0.0320578265029072,1
"3","y","x",0.175,0.578600141650844,0.285782575222744,0
"4","y","z",0.85,5.59032651931963e-15,1.11189222907063e-17,1
"5","z","x",0.3,0.0541410774803627,0.0212284147031656,0
"6","z","y",0.825,5.90977374899504e-14,5.47424614511823e-18,0
