"","regulatoryGene","targetGene","weight","goldstand"
"1","z","y",0.633060699487023,1
"2","y","z",0.530886004728559,0
"3","z","x",0.518812921472119,1
"4","y","x",0.481187078527881,0
"5","x","z",0.469113995271441,0
"6","x","y",0.366939300512977,0
