"","regulator","target","weight","pvalue","tpvalue","goldstand"
"1","x","y",0.35,0.0143015480477065,0.0195448691725707,0
"2","x","z",0.95,5.87867555530746e-20,6.88232312358747e-26,0
"3","y","x",0.225,0.265687140281729,0.164551749447099,0
"4","y","z",0.85,5.59032651931963e-15,2.88508166893836e-18,0
"5","z","x",1,1.86034036560363e-23,6.23910593994497e-28,1
"6","z","y",1,1.86034036560363e-23,5.24353556514581e-36,1
